<?xml version="1.0" encoding="ISO-8859-1"?>
<courseCatalog xmlns="http://www.cs.umn.edu/4131/ns/catalog"
	xmlns:xsd="http://www.w3.org/2001/XMLSchema"
	xmlns:xsi="http://www.w3.org/2001/XMLSchema-instance"
	xsi:schemaLocation="http://www.cs.umn.edu/4131/ns/catalog Catalog.xsd" >
	<course>
		<title> ThisIsFarTooManyCharacterssssssssssssssssssssssssssssssss </title>
		<instructor title="Emperor">
			<firstname> Tad </firstname>
			<lastname> Strange </lastname>
		</instructor>
		<number>Course1756</number>
		<schedule>
			<lecture day="Birth">238:837-604:984</lecture>
			<lecture day="Which">875:77544-34567</lecture>
			<lecture day="Any">89:00-99:090</lecture>
			<lecture day="Some">then-now</lecture>
			<lllecture day="Exam">4:00-6:00</lllecture>
		</schedule>
		<semester>Autumn</semester>
		<enrollment>1</enrollment>
		<extra>20345uweronwqrwr</extra>
	</course>
</courseCatalog>