<?xml version="1.0" encoding="ISO-8859-1"?>
<courseCatalog xmlns="http://www.cs.umn.edu/4131/ns/catalog"
	xmlns:xsd="http://www.w3.org/2001/XMLSchema"
	xmlns:xsi="http://www.w3.org/2001/XMLSchema-instance"
	xsi:schemaLocation="http://www.cs.umn.edu/4131/ns/catalog Catalog.xsd" >
	<course>
		<title> Imagining the Impossible </title>
		<instructor title="Prof">
			<firstname> Tad </firstname>
			<lastname> Strange </lastname>
		</instructor>
		<number>ZZ9999</number>
		<schedule>
			<lecture day="Mon">29:59-00:00</lecture>
			<lecture day="Mon">00:00-29:59</lecture>
		</schedule>
		<semester>Fall</semester>
		<enrollment>100</enrollment>
	</course>
</courseCatalog>