<?xml version="1.0" encoding="ISO-8859-1"?>
<courseCatalog xmlns="http://www.cs.umn.edu/4131/ns/catalog"
	xmlns:xsd="http://www.w3.org/2001/XMLSchema"
	xmlns:xsi="http://www.w3.org/2001/XMLSchema-instance"
	xsi:schemaLocation="http://www.cs.umn.edu/4131/ns/catalog Catalog.xsd" >
	<course>
		<title> History of the World </title>
		<instructor title="Prof">
			<firstname> Oswell </firstname>
			<lastname> Ohsoold </lastname>
		</instructor>
		<number>HS1453</number>
		<schedule>
			<lecture day="Mon">09:00-10:15</lecture>
			<lecture day="Wed">09:00-10:15</lecture>
			<lecture day="Fri">09:00-10:15</lecture>
		</schedule>
		<semester>Fall</semester>
		<enrollment>30</enrollment>
	</course>
	<course>
		<title> Cooking 101 </title>
		<instructor title="Prof">
			<firstname> Carrie </firstname>
			<lastname> Cancookwell </lastname>
		</instructor>
		<instructor>
			<firstname> Larry </firstname>
			<lastname> Likestoeat </lastname>
		</instructor>
		<instructor>
			<firstname> Michael </firstname>
			<lastname> Makesgoodfood </lastname>
		</instructor>
		<number>CK1001</number>
		<schedule>
			<lecture day="Mon">12:30-14:30</lecture>
			<lecture day="Wed">12:30-14:30</lecture>
		</schedule>
		<semester>Spring</semester>
		<enrollment>15</enrollment>
	</course>
	<course>
		<title> Music Appreciation </title>
		<instructor title="Dr">
			<firstname> Barbara </firstname>
			<lastname> Beats </lastname>
		</instructor>
		<instructor>
			<firstname> DJ </firstname>
			<lastname> Donald </lastname>
		</instructor>
		<number>MA1463</number>
		<schedule>
			<lecture day="Tue">16:00-17:30</lecture>
			<lecture day="Th">16:00-17:30</lecture>
		</schedule>
		<semester>Summer</semester>
		<enrollment>50</enrollment>
	</course>
</courseCatalog>